<?xml version="1.0" encoding="utf-8" ?>
<dwsync>
<file name="clearlink.js" server="mowrystrings.com/public_html/warbl.xyz/" local="131826922200000000" remote="131826922200000000" />
<file name="synth.js" server="mowrystrings.com/public_html/warbl.xyz/" local="131826922200000000" remote="131826922200000000" />
<file name="JZZ.js" server="mowrystrings.com/public_html/warbl.xyz/" local="131826922200000000" remote="131826922200000000" />
<file name="home.js" server="mowrystrings.com/public_html/warbl.xyz/" local="131845306800000000" remote="131845306800000000" />
<file name="privateSettings.js" server="mowrystrings.com/public_html/warbl.xyz/" local="132007872151552903" remote="132007980600000000" />
<file name="rangeslider.js" server="mowrystrings.com/public_html/warbl.xyz/" local="131927518655286572" remote="131927627400000000" />
<file name="nouislider.js" server="mowrystrings.com/public_html/warbl.xyz/" local="131928022800000000" remote="131928022800000000" />
<file name="midiDebug.js" server="mowrystrings.com/public_html/warbl.xyz/" local="131994706427713539" remote="131994814200000000" />
<file name="midi_min.js" server="mowrystrings.com/public_html/warbl.xyz/" local="131993006678485649" remote="131993114400000000" />
<file name="midi.js_with_flute.js" server="mowrystrings.com/public_html/warbl.xyz/" local="132046615535972290" remote="132046723200000000" />
<file name="add_new_options.js" server="mowrystrings.com/public_html/warbl.xyz/" local="132067448400000000" remote="132067448400000000" />
<file name="midi.js" server="ftp.mowrystrings.com/public_html/warbl.xyz/" local="132361074923451646" remote="132361182600000000" />
<file name="midi2.js" server="ftp.mowrystrings.com/public_html/warbl.xyz/" local="132336855415224622" remote="132336963000000000" />
</dwsync>