<?xml version="1.0" encoding="utf-8" ?>
<dwsync>
<file name="index.html" server="mowrystrings.com/public_html/warbl.xyz/" local="132006920023965754" remote="132007027800000000" />
<file name="favicon.ico" server="mowrystrings.com/public_html/warbl.xyz/" local="131816808992831986" remote="131816917200000000" />
<file name="Carousel Template for Bootstrap.html" server="mowrystrings.com/public_html/warbl.xyz/" local="131817626016691961" remote="131817733800000000" />
<file name="FAQ.html" server="mowrystrings.com/public_html/warbl.xyz/" local="132038028240253008" remote="132038136000000000" />
<file name="contact.html" server="mowrystrings.com/public_html/warbl.xyz/" local="131989703128219780" remote="131989810800000000" />
<file name="documentation.html" server="mowrystrings.com/public_html/warbl.xyz/" local="132080416506123162" remote="132080524200000000" />
<file name="WARBL_Installer.zip" server="mowrystrings.com/public_html/warbl.xyz/" local="131859166893036049" remote="131859311400000000" />
<file name="WARBL User Manual.pdf" server="mowrystrings.com/public_html/warbl.xyz/" local="132043519507793578" remote="132043627800000000" />
<file name="privateSettings.html" server="mowrystrings.com/public_html/warbl.xyz/" local="131917854651429937" remote="131917962600000000" />
<file name="WARBL_2.2 Schematic.pdf" server="mowrystrings.com/public_html/warbl.xyz/" local="131987923212348809" remote="131988032400000000" />
<file name="debug.html" server="mowrystrings.com/public_html/warbl.xyz/" local="131994711522930050" remote="131994819000000000" />
<file name="adafruit_drivers_2.3.4.0.exe" server="mowrystrings.com/public_html/warbl.xyz/" local="131987056619337494" remote="131987165400000000" />
<file name="WARBL_1.1.ino.zip" server="mowrystrings.com/public_html/warbl.xyz/" local="131987073408530461" remote="131987181600000000" />
<file name="WARBL2.2.zip" server="mowrystrings.com/public_html/warbl.xyz/" local="131987074366516633" remote="131987184000000000" />
<file name="videos.html" server="mowrystrings.com/public_html/warbl.xyz/" local="132073382699657621" remote="132073490400000000" />
<file name="purchase_temp.html" server="mowrystrings.com/public_html/warbl.xyz/" local="131998265436830159" remote="132011665200000000" />
<file name="WARBL Quick Start Guide.pdf" server="mowrystrings.com/public_html/warbl.xyz/" local="132006965776516894" remote="132007074000000000" />
<file name="WARBL_1.4.ino.zip" server="mowrystrings.com/public_html/warbl.xyz/" local="132005964270457713" remote="132009523200000000" />
<file name="AVR_Tools_app.dmg" server="mowrystrings.com/public_html/warbl.xyz/" local="132011259802123433" remote="132014046000000000" />
<file name="configureForApp.html" server="mowrystrings.com/public_html/warbl.xyz/" local="132046681765218784" remote="132046789200000000" />
<file name="WARBL_1.5.ino.zip" server="mowrystrings.com/public_html/warbl.xyz/" local="132030161093070490" remote="132030303000000000" />
<file name="sold_out.html" server="mowrystrings.com/public_html/warbl.xyz/" local="132030243013627341" remote="132030351000000000" />
<file name="purchase.html" server="mowrystrings.com/public_html/warbl.xyz/" local="132093673099294461" remote="132093780600000000" />
<file name="configure.html" server="mowrystrings.com/public_html/warbl.xyz/" local="132046789800000000" remote="132046789800000000" />
<file name="contact.html" server="ftp.mowrystrings.com/public_html/warbl.xyz/" local="132030551400000000" remote="132030551400000000" />
<file name="WARBL User Manual.pdf" server="ftp.mowrystrings.com/public_html/warbl.xyz/" local="132332579587605934" remote="132332687400000000" />
<file name="WARBL_1.6.ino.zip" server="ftp.mowrystrings.com/public_html/warbl.xyz/" local="132140160895012548" remote="132140269200000000" />
<file name="videos.html" server="ftp.mowrystrings.com/public_html/warbl.xyz/" local="132383513989557950" remote="132383622000000000" />
<file name="WARBL_1.7beta1.ino.hex" server="ftp.mowrystrings.com/public_html/warbl.xyz/" local="132137536194680149" remote="132137644200000000" />
<file name="WARBL_1.7beta1.ino.zip" server="ftp.mowrystrings.com/public_html/warbl.xyz/" local="132137537308471465" remote="132137645400000000" />
<file name="purchase.html" server="ftp.mowrystrings.com/public_html/warbl.xyz/" local="132439644758902893" remote="132439752600000000" />
<file name="FAQ.html" server="ftp.mowrystrings.com/public_html/warbl.xyz/" local="132406934950527973" remote="132407042400000000" />
<file name="qmk_toolbox_install.exe" server="ftp.mowrystrings.com/public_html/warbl.xyz/" local="132320676395304450" remote="132320785200000000" />
<file name="index.html" server="ftp.mowrystrings.com/public_html/warbl.xyz/" local="132331914194303076" remote="132332023200000000" />
<file name="QMK.Toolbox.app.zip" server="ftp.mowrystrings.com/public_html/warbl.xyz/" local="132322309774822459" remote="132322420200000000" />
<file name="WARBL_1.7.ino.zip" server="ftp.mowrystrings.com/public_html/warbl.xyz/" local="132324741702227291" remote="132324849600000000" />
<file name="WARBL Fingering Charts.pdf" server="ftp.mowrystrings.com/public_html/warbl.xyz/" local="132322320836187213" remote="132322429200000000" />
<file name="documentation.html" server="ftp.mowrystrings.com/public_html/warbl.xyz/" local="132361075522285879" remote="132361183200000000" />
<file name="configure.html" server="ftp.mowrystrings.com/public_html/warbl.xyz/" local="132465894058993826" remote="132466002000000000" />
<file name="configureForApp.html" server="ftp.mowrystrings.com/public_html/warbl.xyz/" local="132465894398756589" remote="132466002000000000" />
<file name="WARBL User Manual(1.6).pdf" server="ftp.mowrystrings.com/public_html/warbl.xyz/" local="132129462951750705" remote="132328327800000000" />
<file name="configure2.html" server="ftp.mowrystrings.com/public_html/warbl.xyz/" local="132465892106133937" remote="132465999600000000" />
<file name="hole_spacing.pdf" server="ftp.mowrystrings.com/public_html/warbl.xyz/" local="132430150879619543" remote="132430259400000000" />
<file name="WARBL_1.8.ino.zip" server="ftp.mowrystrings.com/public_html/warbl.xyz/" local="132483011087728521" remote="132483120600000000" />
</dwsync>