<?xml version="1.0" encoding="utf-8" ?>
<dwsync>
<file name="font-awesome.scss" server="ftp.mowrystrings.com/public_html/warbl.xyz/" local="132465891563983766" remote="132465999600000000" />
<file name="_animated.scss" server="ftp.mowrystrings.com/public_html/warbl.xyz/" local="132465891569585333" remote="132465999600000000" />
<file name="_bordered-pulled.scss" server="ftp.mowrystrings.com/public_html/warbl.xyz/" local="132465891571034806" remote="132465999600000000" />
<file name="_core.scss" server="ftp.mowrystrings.com/public_html/warbl.xyz/" local="132465891568586191" remote="132465999600000000" />
<file name="_fixed-width.scss" server="ftp.mowrystrings.com/public_html/warbl.xyz/" local="132465891570536413" remote="132465999600000000" />
<file name="_icons.scss" server="ftp.mowrystrings.com/public_html/warbl.xyz/" local="132465891570083580" remote="132465999600000000" />
<file name="_larger.scss" server="ftp.mowrystrings.com/public_html/warbl.xyz/" local="132465891567985371" remote="132465999600000000" />
<file name="_list.scss" server="ftp.mowrystrings.com/public_html/warbl.xyz/" local="132465891566831138" remote="132465999600000000" />
<file name="_mixins.scss" server="ftp.mowrystrings.com/public_html/warbl.xyz/" local="132465891569156944" remote="132465999600000000" />
<file name="_path.scss" server="ftp.mowrystrings.com/public_html/warbl.xyz/" local="132465891566033017" remote="132465999600000000" />
<file name="_rotated-flipped.scss" server="ftp.mowrystrings.com/public_html/warbl.xyz/" local="132465891565134987" remote="132465999600000000" />
<file name="_screen-reader.scss" server="ftp.mowrystrings.com/public_html/warbl.xyz/" local="132465891567484651" remote="132465999600000000" />
<file name="_stacked.scss" server="ftp.mowrystrings.com/public_html/warbl.xyz/" local="132465891563151755" remote="132465999600000000" />
<file name="_variables.scss" server="ftp.mowrystrings.com/public_html/warbl.xyz/" local="132465891563619793" remote="132465999600000000" />
</dwsync>