<?xml version="1.0" encoding="utf-8" ?>
<dwsync>
<file name=".DS_Store" server="mowrystrings.com/public_html/warbl.xyz/" local="131798898600000000" remote="131798898600000000" />
<file name="mowry2.css" server="mowrystrings.com/public_html/warbl.xyz/" local="132011271416432145" remote="132011379000000000" />
<file name="all.css" server="mowrystrings.com/public_html/warbl.xyz/" local="131839272600000000" remote="131839272600000000" />
<file name="privateSettings.css" server="mowrystrings.com/public_html/warbl.xyz/" local="132007872831722125" remote="132007980600000000" />
<file name="structure.css" server="mowrystrings.com/public_html/warbl.xyz/" local="131927571335819166" remote="131927679000000000" />
<file name="theme.css" server="mowrystrings.com/public_html/warbl.xyz/" local="131927563629004910" remote="131927671200000000" />
<file name="nouislider.css" server="mowrystrings.com/public_html/warbl.xyz/" local="131928348545083972" remote="131928456000000000" />
<file name="configForApp.css" server="mowrystrings.com/public_html/warbl.xyz/" local="132019816581154162" remote="132019924800000000" />
<file name="debug.css" server="mowrystrings.com/public_html/warbl.xyz/" local="131994711878150143" remote="131994819600000000" />
<file name="config_min.css" server="mowrystrings.com/public_html/warbl.xyz/" local="131993030760242447" remote="131993142000000000" />
<file name="config.css" server="mowrystrings.com/public_html/warbl.xyz/" local="132029076000000000" remote="132030307200000000" />
<file name="config.css" server="ftp.mowrystrings.com/public_html/warbl.xyz/" local="132320649181856788" remote="132324962400000000" />
<file name="configForApp.css" server="ftp.mowrystrings.com/public_html/warbl.xyz/" local="132324871548009922" remote="132324979200000000" />
<file name="mowry2.css" server="ftp.mowrystrings.com/public_html/warbl.xyz/" local="132332600661503283" remote="132332708400000000" />
<file name="font-awesome.min.css" server="ftp.mowrystrings.com/public_html/warbl.xyz/" local="132465867150684760" remote="132465976200000000" />
</dwsync>