<?xml version="1.0" encoding="utf-8" ?>
<dwsync>
<file name="animated.less" server="ftp.mowrystrings.com/public_html/warbl.xyz/" local="132465891560887305" remote="132465999600000000" />
<file name="bordered-pulled.less" server="ftp.mowrystrings.com/public_html/warbl.xyz/" local="132465891561287196" remote="132465999600000000" />
<file name="core.less" server="ftp.mowrystrings.com/public_html/warbl.xyz/" local="132465891557986179" remote="132465999600000000" />
<file name="fixed-width.less" server="ftp.mowrystrings.com/public_html/warbl.xyz/" local="132465891558384770" remote="132465999600000000" />
<file name="font-awesome.less" server="ftp.mowrystrings.com/public_html/warbl.xyz/" local="132465891559684408" remote="132465999600000000" />
<file name="icons.less" server="ftp.mowrystrings.com/public_html/warbl.xyz/" local="132465891560037523" remote="132465999600000000" />
<file name="larger.less" server="ftp.mowrystrings.com/public_html/warbl.xyz/" local="132465891561756080" remote="132465999600000000" />
<file name="list.less" server="ftp.mowrystrings.com/public_html/warbl.xyz/" local="132465891557134666" remote="132465999600000000" />
<file name="mixins.less" server="ftp.mowrystrings.com/public_html/warbl.xyz/" local="132465891562226024" remote="132465999600000000" />
<file name="path.less" server="ftp.mowrystrings.com/public_html/warbl.xyz/" local="132465891560498335" remote="132465999600000000" />
<file name="rotated-flipped.less" server="ftp.mowrystrings.com/public_html/warbl.xyz/" local="132465891559283944" remote="132465999600000000" />
<file name="screen-reader.less" server="ftp.mowrystrings.com/public_html/warbl.xyz/" local="132465891562601858" remote="132465999600000000" />
<file name="stacked.less" server="ftp.mowrystrings.com/public_html/warbl.xyz/" local="132465891557587148" remote="132465999600000000" />
<file name="variables.less" server="ftp.mowrystrings.com/public_html/warbl.xyz/" local="132465891558784139" remote="132465999600000000" />
</dwsync>